id,dni,nombre,apellido,telefono,email
1,3002842,Molina,Molina,909-164-570,vicenta.molina@example.com
2,34885857,Vargas,Vargas,914-320-978,esperanza.vargas@example.com
3,53702419,Montero,Montero,913-624-501,roberto.montero@example.com
4,7076005,Lozano,Lozano,919-160-983,gregorio.lozano@example.com
5,91957313,Alonso,Alonso,987-384-910,vicenta.alonso@example.com
6,91687683,Moya,Moya,976-621-889,mar.moya@example.com
7,60435018,Gil,Gil,931-629-267,angel.gil@example.com
8,37467429,Cruz,Cruz,994-863-627,miguel.cruz@example.com
9,45677859,Diez,Diez,937-782-527,monica.diez@example.com
10,39434694,Márquez,Márquez,991-562-926,jorge.marquez@example.com
11,17486274,Iglesias,Iglesias,992-969-004,eugenia.iglesias@example.com
12,6310862,Rubio,Rubio,916-407-775,fatima.rubio@example.com
13,74699316,Delgado,Delgado,914-170-586,marta.delgado@example.com
14,76547305,Cabrera,Cabrera,927-650-375,cristobal.cabrera@example.com
15,21351488,Martin,Martin,979-630-741,daniel.martin@example.com
16,98391150,Flores,Flores,937-891-009,salvador.flores@example.com
17,8493824,Navarro,Navarro,903-554-764,mario.navarro@example.com
18,24006108,Medina,Medina,995-980-997,jesus.medina@example.com
19,14703569,Velasco,Velasco,938-608-885,alvaro.velasco@example.com
20,7136993,Moya,Moya,916-396-125,montserrat.moya@example.com
21,99948730,Delgado,Delgado,979-931-591,luisa.delgado@example.com
22,76995711,Pascual,Pascual,940-491-317,ines.pascual@example.com
23,18385760,Ferrer,Ferrer,900-941-473,maria.ferrer@example.com
24,6214329,Campos,Campos,993-297-224,pedro.campos@example.com
25,71617298,Cano,Cano,996-569-164,alexander.cano@example.com
26,269736,Ruiz,Ruiz,929-382-972,eugenio.ruiz@example.com
27,1405843,Ramírez,Ramírez,991-075-123,patricia.ramirez@example.com
28,9867686,Sanz,Sanz,964-238-825,consuelo.sanz@example.com
29,43502110,Rubio,Rubio,955-974-691,carolina.rubio@example.com
30,2540632,Marín,Marín,910-798-325,andres.marin@example.com
31,75313110,Alonso,Alonso,972-743-685,julian.alonso@example.com
32,59177959,Aguilar,Aguilar,966-657-165,marcos.aguilar@example.com
33,59149209,Morales,Morales,979-328-893,angel.morales@example.com
34,64911499,Crespo,Crespo,900-343-933,francisco.crespo@example.com
35,72513213,Mora,Mora,924-579-002,mohamed.mora@example.com
36,45996869,Sanz,Sanz,921-810-505,esperanza.sanz@example.com
37,1029932,Hidalgo,Hidalgo,989-096-910,ricardo.hidalgo@example.com
38,76040804,Vega,Vega,982-535-979,marta.vega@example.com
39,78119133,Rubio,Rubio,952-744-836,soledad.rubio@example.com
40,5750796,Morales,Morales,950-735-537,vicente.morales@example.com
41,35772220,Santana,Santana,982-704-352,alejandra.santana@example.com
42,80465097,Soler,Soler,966-992-189,lorenzo.soler@example.com
43,75871884,Diez,Diez,995-294-763,sara.diez@example.com
44,93514931,Giménez,Giménez,998-236-178,alfredo.gimenez@example.com
45,50510749,Iglesias,Iglesias,936-257-062,eduardo.iglesias@example.com
46,73198730,Marín,Marín,991-986-910,daniela.marin@example.com
47,40741502,Soto,Soto,917-541-234,carmelo.soto@example.com
48,44720127,Vidal,Vidal,978-109-879,martin.vidal@example.com
49,43694691,Pascual,Pascual,905-427-334,marc.pascual@example.com
50,9954067,Domínguez,Domínguez,943-155-434,irene.dominguez@example.com
51,68088786,Mora,Mora,908-044-107,magdalena.mora@example.com
52,34911496,Torres,Torres,960-731-330,valentin.torres@example.com
53,88550555,Soler,Soler,918-426-337,rosa.soler@example.com
54,38774183,Ibáñez,Ibáñez,994-090-076,carmelo.ibanez@example.com
55,55598456,Esteban,Esteban,906-458-368,raquel.esteban@example.com
56,81250368,López,López,934-331-647,lucia.lopez@example.com
57,94649673,Castillo,Castillo,979-532-093,carla.castillo@example.com
58,50388755,Jiménez,Jiménez,904-737-951,ismael.jimenez@example.com
59,17189055,Mora,Mora,994-274-155,guillermo.mora@example.com
60,69100446,Calvo,Calvo,987-991-149,inmaculada.calvo@example.com
61,40503904,Bravo,Bravo,938-240-090,nicolas.bravo@example.com
62,52590968,Gómez,Gómez,984-263-081,montserrat.gomez@example.com
63,67108403,Gutiérrez,Gutiérrez,973-946-275,mercedes.gutierrez@example.com
64,49948145,Garrido,Garrido,949-261-824,eduardo.garrido@example.com
65,28811243,Torres,Torres,916-645-524,manuela.torres@example.com
66,20841459,Gutiérrez,Gutiérrez,922-184-071,pilar.gutierrez@example.com
67,28626549,Cano,Cano,981-432-117,margarita.cano@example.com
68,16448315,Vargas,Vargas,926-679-831,clara.vargas@example.com
69,41919367,Rodríguez,Rodríguez,910-322-895,antonio.rodriguez@example.com
70,34530889,Gallego,Gallego,995-226-804,diego.gallego@example.com
71,13208252,Carrasco,Carrasco,950-988-992,angeles.carrasco@example.com
72,62399991,López,López,905-406-195,andres.lopez@example.com
73,2312562,Fernández,Fernández,995-766-872,vicenta.fernandez@example.com
74,33166704,Carmona,Carmona,911-214-689,ruben.carmona@example.com
75,49117485,Martínez,Martínez,922-797-409,lourdes.martinez@example.com
76,95423843,Nieto,Nieto,963-958-178,gonzalo.nieto@example.com
77,75503045,López,López,967-052-025,laura.lopez@example.com
78,58968154,Muñoz,Muñoz,915-493-951,pilar.munoz@example.com
79,82071532,Jiménez,Jiménez,941-604-095,alfonso.jimenez@example.com
80,54356218,Vicente,Vicente,925-467-547,nuria.vicente@example.com
81,68120196,Gallardo,Gallardo,965-176-699,pablo.gallardo@example.com
82,93033659,Iglesias,Iglesias,909-211-666,joan.iglesias@example.com
83,53933664,Esteban,Esteban,960-378-274,joan.esteban@example.com
84,74711237,Cano,Cano,993-398-504,lorenzo.cano@example.com
85,42888625,Ortega,Ortega,963-426-677,jonathan.ortega@example.com
86,28267504,Diaz,Diaz,914-748-028,ramon.diaz@example.com
87,39854652,Morales,Morales,935-576-675,montserrat.morales@example.com
88,66668239,Gutiérrez,Gutiérrez,936-518-872,ramon.gutierrez@example.com
89,4938067,Giménez,Giménez,947-554-107,maria.gimenez@example.com
90,73828190,Jiménez,Jiménez,932-929-718,magdalena.jimenez@example.com
91,81464261,Suarez,Suarez,944-355-638,hugo.suarez@example.com
92,16533004,Cabrera,Cabrera,939-853-213,roberto.cabrera@example.com
93,83099164,Nieto,Nieto,907-872-371,sofia.nieto@example.com
94,18471476,Reyes,Reyes,913-514-266,carla.reyes@example.com
95,45843989,Sánchez,Sánchez,902-953-460,luz.sanchez@example.com
96,91524692,Diez,Diez,981-912-601,julia.diez@example.com
97,50568855,Carrasco,Carrasco,915-727-227,nieves.carrasco@example.com
98,4461426,Ramos,Ramos,931-852-755,veronica.ramos@example.com
99,8338073,Ramírez,Ramírez,977-852-522,javier.ramirez@example.com
100,52332549,Duran,Duran,932-722-119,david.duran@example.com
101,3002842,Martinez,Martinez,909-164-570,vicenta.molina@example.com
